country_code,year,production,sales,production_to_sales_ratio,production_yoy,sales_yoy,production_index,sales_index,ev_sales_bev,ev_sales_phev,ev_sales,ev_sales_yoy,bev_share_of_ev_sales,ev_sales_share,ev_stock,public_charging_points,iea_vs_oica_market_ratio,oica_within_iea_band
CHN,2019,21389833,21472091.0,0.996169073612812,,,100.0,100.0,840000.0,230000.0,1100000.0,,0.7850467289719626,0.05,3300000.0,460000.0,1.0245858216603125,True
CHN,2020,19994081,20177731.0,0.9908983819835838,-0.0652530573754363,-0.06028104109655641,93.47469426245637,93.97189589034436,930000.0,220000.0,1100000.0,0.0,0.808695652173913,0.057,4400000.0,540000.0,0.9564130681509774,True
CHN,2021,21444743,21518324.0,0.9965805422392562,0.07255457252573905,0.06643923442135291,100.25671074664304,100.21531671042192,2700000.0,550000.0,3300000.0,2.0,0.8307692307692308,0.16,7700000.0,865000.0,0.9584854285119975,True
CHN,2022,23836083,23563287.0,1.0115771623882526,0.11151171175145347,0.09503356302284516,111.43650817657156,109.73913532687618,4500000.0,1500000.0,6000000.0,0.8181818181818181,0.75,0.29,13000000.0,1460000.0,0.8780462238741902,False
CHN,2023,26123757,26062824.0,1.0023379277702216,0.095975248953446,0.1060776028403847,122.13165479132071,121.37999974012779,5500000.0,2700000.0,8100000.0,0.3500000000000001,0.6707317073170732,0.38,21000000.0,2330000.0,0.8178618507988317,False
CHN,2024,27476886,27562989.0,0.9968761370546568,0.051796875924086994,0.05755957220905916,128.45769296095017,128.36658059990523,6400000.0,4900000.0,11000000.0,0.3580246913580247,0.5663716814159292,0.48,32000000.0,3300000.0,0.8314289377928739,False
CHN,2025,30269903,30103140.0,1.005539721105506,0.10164969203569862,0.09215803844786219,141.51537789004712,140.1965928702519,8200000.0,5100000.0,13000000.0,0.18181818181818188,0.6165413533834586,0.53,44000000.0,4680000.0,0.814808750409175,False
DEU,2019,4663749,3607258.0,1.292879245121918,,,100.0,100.0,63000.0,45000.0,110000.0,,0.5833333333333334,0.03,240000.0,29200.0,1.0164692036629115,True
DEU,2020,3515372,2917678.0,1.2048526259580392,-0.24623473518836458,-0.1911645909441465,75.37652648116354,80.88354090558535,190000.0,200000.0,390000.0,2.5454545454545454,0.48717948717948717,0.14,610000.0,43300.0,0.9547709807985273,True
DEU,2021,3096165,2622132.0,1.180781516719982,-0.11924968395947855,-0.10129493384808053,66.38789952032153,72.69044798015555,360000.0,330000.0,680000.0,0.7435897435897436,0.5217391304347826,0.26,1200000.0,59500.0,0.9974267563130367,True
DEU,2022,3480357,2651357.0,1.3126700780015668,0.12408641012349153,0.011145510599771535,74.62573564743728,73.50062013862052,470000.0,360000.0,830000.0,0.22058823529411775,0.5662650602409639,0.31,1900000.0,86100.0,1.0098298172742146,True
DEU,2023,4109371,2844609.0,1.444617168827069,0.18073260875249297,0.07288795888294186,88.11303953107253,78.85793031715502,520000.0,180000.0,700000.0,-0.15662650602409633,0.7428571428571429,0.24,2600000.0,110100.0,1.0253313079817532,True
DEU,2024,4069222,2817331.0,1.4443535388635556,-0.00977010836938308,-0.009589367115129033,87.25216558609822,78.10173267340457,380000.0,190000.0,570000.0,-0.18571428571428572,0.6666666666666666,0.2,2600000.0,157000.0,1.0115957265937159,True
DEU,2025,4148836,2857591.0,1.4518648749943572,0.01956491928923998,0.014290120685144903,88.95924716360165,79.21781585902644,550000.0,310000.0,860000.0,0.5087719298245614,0.6395348837209303,0.3,3100000.0,199000.0,1.003175985180058,True
JPN,2019,8329130,4301091.0,1.9365156421940386,,,100.0,100.0,21000.0,18000.0,39000.0,,0.5384615384615384,0.009000000000000001,260000.0,30900.0,1.0074963150822276,True
JPN,2020,6960025,3809981.0,1.8267873251861362,-0.16437551100775227,-0.11418265737693067,83.56244889922478,88.58173426230694,15000.0,15000.0,29000.0,-0.2564102564102564,0.5,0.0077,290000.0,29900.0,0.9885177291523937,True
JPN,2021,6619245,3675698.0,1.800813070061795,-0.04896246780722768,-0.03524505765251851,79.47102518510336,85.45966593127186,22000.0,23000.0,44000.0,0.5172413793103448,0.4888888888888889,0.012,340000.0,29000.0,0.99754296100133,True
JPN,2022,6566356,3448297.0,1.904231567060494,-0.007990186191929705,-0.06186607278399914,78.83603689701086,80.17261201867154,59000.0,38000.0,96000.0,1.1818181818181817,0.6082474226804123,0.027999999999999997,410000.0,29400.0,0.9942796193516478,True
JPN,2023,7767058,3992727.0,1.9453015445333477,0.18285667118870808,0.15788373217272178,93.25173217370842,92.830563222215,88000.0,52000.0,140000.0,0.45833333333333326,0.6285714285714286,0.035,540000.0,31600.0,1.0018215620552067,True
JPN,2024,7139188,3725200.0,1.9164576398582627,-0.08083755779858992,-0.06700357925798583,85.71348988429764,86.61058322179187,60000.0,43000.0,100000.0,-0.2857142857142857,0.5825242718446602,0.027999999999999997,620000.0,32000.0,0.9587212958844014,True
JPN,2025,7207025,3836380.0,1.8786003993347895,0.009502061018703989,0.029845377429399855,86.52794469530431,89.19550876742667,61000.0,41000.0,100000.0,0.0,0.5980392156862745,0.03,720000.0,39000.0,0.868874650929609,False
KOR,2019,3612587,1497035.0,2.4131613489330577,,,100.0,100.0,33000.0,2700.0,36000.0,,0.9243697478991597,0.024,100000.0,46100.0,1.0019805816163283,True
KOR,2020,3211706,1618333.0,1.9845767218489643,-0.11096784658750092,0.0810254937259316,88.9032153412499,108.10254937259316,31000.0,8700.0,40000.0,0.11111111111111116,0.7808564231738035,0.025,140000.0,63100.0,0.98867167634844,True
KOR,2021,3162727,1468873.0,2.1531657263766166,-0.015250150543044683,-0.09235429296689868,87.54742792353512,98.11881485736806,72000.0,19000.0,91000.0,1.275,0.7912087912087912,0.063,240000.0,101053.0,0.9833691847044942,False
KOR,2022,3438355,1420486.0,2.4205483193780157,0.08714884338736795,-0.0329415817432821,95.17708500861018,94.88662589719011,120000.0,11000.0,140000.0,0.5384615384615385,0.916030534351145,0.096,360000.0,201100.0,1.0266439326634218,True
KOR,2023,3908747,1489363.0,2.6244421272718603,0.13680728138892007,0.04848833427432586,108.19800325916027,99.48752033185598,120000.0,12000.0,130000.0,-0.0714285714285714,0.9090909090909091,0.08900000000000001,490000.0,304150.0,0.9807375081181489,True
KOR,2024,3849326,1430765.0,2.690397095260228,-0.015202058357831838,-0.03934433714279195,106.55317089941363,95.57324979041906,120000.0,7900.0,130000.0,0.0,0.9382329945269742,0.07400000000000001,620000.0,417160.0,1.2278443746923893,False
KOR,2025,3844338,1490208.0,2.5797324937189976,-0.0012958112666996424,0.04154630564767792,106.4150981000596,99.54396523795369,200000.0,17000.0,220000.0,0.6923076923076923,0.9216589861751152,0.11,840000.0,491170.0,1.3420945264016835,False
